data_type,fit_deep_neg,fit_deep_pos,fit_mh_neg,fit_mh_pos,minimum,neg_QCH,opt_deep_neg,opt_deep_pos,opt_mh_neg,opt_mh_pos,pos_QCH,random,treatment
all,0.6312930938536239,0.8918983605204697,0.6510701567837087,0.7462971522349193,0.607247789730064,0.6713095103943215,0.7711739577000358,0.886264938757823,0.7741720869217836,1.0762052383436196,0.6801025651232755,1.0986122886681096,negative
train,0.6221560904436192,0.8989604028173199,0.6664422430537781,0.7574488958340455,0.6188778472266718,0.6904953907291904,0.7959519966156354,0.8926452159422177,0.8097841429822494,1.1308401652053288,0.7073544960788852,1.0986122886681096,negative
test,0.6526127684769681,0.8754202618278205,0.6152019554868803,0.7202764171702907,0.5801109889046451,0.6265424562796269,0.7133585335636371,0.8713776253275689,0.6910772894473627,0.9487237423329645,0.6165147262268529,1.0986122886681102,negative
comparison,0.9306720815294487,1.408575291102707,0.9275073514671446,1.1493755181161707,0.878529395359428,0.9950008399460561,0.9624846885270205,1.3730267212781084,1.2001235219869948,2.807132252008624,0.9905775697536274,1.0986122886681098,negative
all,0.8279262169108095,0.5432772886937003,0.7021516927831992,0.5518649731708719,0.5039203254252833,0.7376321133347306,0.7282456892247567,0.5864385161586178,0.7849508702439857,0.593027364329752,0.7074381550658084,1.09861228866811,positive
train,0.8084870471656197,0.5021838060991085,0.6998112669538289,0.5520229230040037,0.5088226936261797,0.7461753609784701,0.7511936409508383,0.584791119611326,0.8202000213723218,0.5973149271647823,0.7258148013038602,1.0986122886681098,positive
test,0.8732842796495852,0.6391620814144143,0.707612686385063,0.5514964235602312,0.4924814662898582,0.717697868832671,0.6747004685305664,0.5902824414356316,0.7027028509445346,0.5830230510480156,0.6645593138436862,1.0986122886681102,positive
comparison,0.9965320080165749,0.5087112942294728,0.9721537574934478,0.5451334445038821,0.41629602292201506,1.237816320414755,1.0052855728283883,0.5749619304375315,1.8502109353434393,0.5561681084606285,1.21603657614861,1.0986122886681102,positive
