data_type,fit_QCH_neg,fit_QCH_pos,fit_deep_neg,fit_deep_pos,fit_mh_neg,fit_mh_pos,minimum,opt_QCH_neg,opt_QCH_pos,opt_deep_neg,opt_deep_pos,opt_mh_neg,opt_mh_pos,random,treatment
all,0.6708417197946642,0.6801071481787102,0.6568740089295941,0.9240586213520124,0.6509017164764042,0.7642082421190647,0.573338484228671,0.7630610478097052,0.7911292872651594,0.7382868353930775,0.7923432078515984,0.7560224332306682,1.076114689785889,1.0986122886681096,Competing
train,0.6664369410068137,0.6733918948534641,0.6438972278091893,0.9161218358169031,0.6430755397529444,0.7667687222891035,0.5674808241517852,0.7674974177614938,0.7862523706979552,0.7271314113961539,0.7870116071432985,0.75756686392303,1.0936313074624506,1.0986122886681096,Competing
test,0.681119536966316,0.6957760726042844,0.6871531648772056,0.9425777876006,0.669162795497811,0.7582337883889742,0.5870063577414046,0.7527095179221966,0.8025087592553023,0.7643161580525655,0.8047836095042984,0.7524187616151566,1.0352425818739113,1.0986122886681102,Competing
comparison,0.9926891120892949,0.9905249014873924,0.9302675964856789,1.4381640658807524,0.92215969182538,1.1922719570860731,0.8606744015831241,1.0095027796395388,1.0853038129591543,0.9682872522027731,1.3763699473497155,1.3580319976909714,2.8062267227267053,1.0986122886681098,Competing
all,0.7213620454489377,0.707430331596571,0.7979627787441735,0.5317029839672,0.674013021618198,0.5335921455548358,0.4554187870364986,0.9189270033259029,0.7717026204210626,0.7403172479009572,0.6149384895039438,0.8194145544893684,0.5930274932123334,1.09861228866811,Common
train,0.7348174344712081,0.725814810921837,0.7816389171327405,0.4964792194041013,0.6769620983845872,0.5340626672772861,0.46058316005785604,0.9122594722140764,0.8157629697592109,0.7596641786954574,0.6211866851068354,0.8441649546084877,0.5973151098146169,1.0986122886681098,Common
test,0.6899661377303068,0.6645332131709504,0.83605178917085,0.6138917679477641,0.6671318424966238,0.5324942615357843,0.4433685833199983,0.9344845759201639,0.6688951386320504,0.6951744093804568,0.60035936643053,0.761663620878091,0.5830230544736718,1.0986122886681102,Common
comparison,1.2283426702495523,1.216074196732752,1.0324484074134765,0.4491195232187416,0.896445690104947,0.49585898092814074,0.36639974350181986,1.3138166833567468,1.475799586716528,1.1247439278737212,0.5588931020188125,2.1997707384328344,0.5561682308420035,1.0986122886681102,Common
