round,play
31,"[0.986557, 0.0114247, 0.00201793]"
34,"[0.815361, 0.184635, 4.02531e-6]"
38,"[0.000964025, 0.0229089, 0.976127]"
41,"[0.0856244, 0.796209, 0.118166]"
44,"[0.000377126, 0.0131391, 0.986484]"
50,"[0.0822067, 0.158221, 0.759572]"
