comp_game,neg_emp,pos_emp,neg_opt,pos_opt
1,"[0.2505252100840336, 0.2749492296918768, 0.47452556022408976]","[0.6435976890756303, 0.1768294817927171, 0.17957282913165268]","[0.014583178241561773, 0.09185320156412549, 0.8935636201943128]","[0.5848150266887333, 0.2798621643708239, 0.13532280894044285]"
2,"[0.3434506302521009, 0.6502993697478991, 0.00625]","[0.5366666666666666, 0.4600000000000001, 0.003333333333333333]","[0.34300367872857607, 0.6275322104138712, 0.029464110857552774]","[0.5262850467150488, 0.4732919099164998, 0.00042304336845124397]"
3,"[0.3491351540616246, 0.3278203781512606, 0.3230444677871148]","[0.1301330532212885, 0.24273634453781515, 0.6271306022408963]","[0.4546164143988934, 0.5237988725397482, 0.021584713061358222]","[0.06316920960073219, 0.13892546012301515, 0.7979053302762528]"
4,"[0.37739320728291315, 0.2127223389355742, 0.40988445378151256]","[0.2610416666666667, 0.5774999999999999, 0.16145833333333334]","[0.34100585308440257, 0.10553819719716345, 0.553455949718434]","[0.3331738191003585, 0.41342446345547906, 0.25340171744416246]"
