data_type,fit_deep_neg,fit_deep_pos,fit_mh_neg,fit_mh_pos,minimum,opt_deep_neg,opt_deep_pos,opt_mh_neg,opt_mh_pos,random,treatment
train,0.7056220179100503,0.8057058708207971,0.7149896653534352,0.7583410518328336,0.6442067266074243,0.753175044614719,0.8102868000364916,0.8197976488753123,0.8001623752254702,1.0986122886681091,Competing
test,0.7129505911816195,0.8153678106152482,0.7149566701971644,0.7666869914467253,0.6442067266074243,0.7463292425774184,0.803005580399916,0.7966693124833106,0.7884711548358944,1.0986122886681091,Competing
train,0.7280035296104302,0.6235782389354656,0.6672260268855236,0.6234908712492166,0.5508820902535042,0.7676445676572832,0.6842036181531739,0.7714693574229854,0.6635365559708136,1.0986122886681091,Common
test,0.7316732872066989,0.6082896783880394,0.6665103656794062,0.5957329426653769,0.5508820902535042,0.7670921710405448,0.6546961819509238,0.7723090000815976,0.6262659542454053,1.0986122886681091,Common
