data_type,fit_deep_neg,fit_deep_pos,fit_mh_neg,fit_mh_pos,minimum,opt_deep_neg,opt_deep_pos,opt_mh_neg,opt_mh_pos,random,treatment
train,0.7187905477220533,0.8173908495875891,0.7151644381390453,0.7662579441962238,0.654478289620206,0.8343341296332588,0.8645840545445446,0.7846924642449735,0.8281625996231364,1.0986122886681102,Competing
test,0.7404092737035493,0.8278102334047451,0.7332922460429114,0.7954838368948147,0.654478289620206,0.8272577108787185,0.8742653276823549,0.7732388280682353,0.8544605664526671,1.0986122886681102,Competing
train,0.7689614869429847,0.6606102636293829,0.6859915546726664,0.626095158207678,0.5528966329319936,0.8123559035232949,0.7415962047890964,0.7325642756708941,0.6564169467215204,1.0986122886681102,Common
test,0.787652718017709,0.6588579148537271,0.6988134992850844,0.6057911993676941,0.5528966329319936,0.83886495561854,0.7180085835831221,0.770626556063978,0.6060992189148413,1.0986122886681102,Common
