data_type,fit_deep_neg,fit_deep_pos,fit_mh_neg,fit_mh_pos,fit_rl_neg,fit_rl_pos,minimum,opt_deep_neg,opt_deep_pos,opt_mh_neg,opt_mh_pos,random,treatment
train,0.6341070774702502,0.8150179678854836,0.6758495351893394,0.7511360123988443,0.7511879005828622,0.7752930084832015,0.6009499283665529,0.7441774587536277,0.8172614122180055,0.7041895737834322,0.7899113494687064,1.0986122886681098,Competing
test,0.6393235061504864,0.7948638745198472,0.6359808764121917,0.724752130738972,0.686511848332677,0.7175491224899717,0.5445658654332013,0.6673669620350089,0.7830839192871765,0.6656152653780921,0.7443214985385279,1.0986122886681093,Competing
train,0.7755587349368459,0.512742547074456,0.6425493398681225,0.5462840470564523,0.6074025755898262,0.5410296116281378,0.4593129635401991,0.7052828229527796,0.5989361708762478,0.6491250246625746,0.572215273555677,1.0986122886681098,Common
test,0.7071562058559955,0.5148966862351697,0.5881670768365296,0.48302992037388287,0.6599950469741589,0.5257277869254251,0.400396008507064,0.6339712381165712,0.568983992336993,0.5735774757231816,0.4938340560041196,1.0986122886681093,Common
