test,mode,train,loss
neg,fit,neg,0.714791745791505
neg,fit,pos,0.7665430392009301
neg,opt,neg,0.7348714307673583
neg,opt,pos,0.8091473437838532
pos,fit,neg,0.6690712862384125
pos,fit,pos,0.5957921146572424
pos,opt,neg,0.7418380357827161
pos,opt,pos,0.5971130509492323
