test,mode,train,loss
neg,fit,neg,1.0347826241708666
neg,fit,pos,1.0031688023122203
neg,opt,neg,1.3210264812681756
neg,opt,pos,1.206705204618505
pos,fit,neg,1.160141477083626
pos,fit,pos,0.9453062251528854
pos,opt,neg,2.061769159510505
pos,opt,pos,0.9129569510970581
