treat,rand,min
neg,1.0986122886681098,0.6199449152073284
pos,1.0986122886681098,0.5070849247258693
