treat,rand,min
neg,1.0986122886681096,0.9079581193446653
pos,1.0986122886681093,0.7996928922520381
